[
  {
      "id": 1741971,
      "name": "attachments",
      "label": "Status"
  },
  {
      
      "id": 1741972,
      "name": "has-attachments",
      "label": "Start Date"
  },
  {
     
      "id": 1741975,
      "name": "has-attachments",
      "label": "End Date"
  },
  {
     
      "id": 1741976,
      "name": "has-attachments",
      "label": "Description"
  },
  {
      
      "id": 1741977,
      "name": "has-attachments",
      "label": "Release Note"
  },
  {
    
      "id": 1741964,
      "name": "has-attachments",
      "label": "Date Custom"
  },
  {
      
      "id": 1741965,
      "name": "has-attach",
      "label": "String Custom"
  },
  {
     
      "id": 1741966,
      "name": "has",
      "label": "HTML Custom"
  },
  {
      
      "id": 1741967,
      "name": "-attachments",
      "label": "User Custom"
  },
  {
     
      "id": 1741968,
      "name": "has-attachment",
      "label": "Combo Custom"
  }
]